date,new_cases
1/22/2020,0
1/23/2020,0
1/24/2020,0
1/25/2020,0
1/26/2020,0
1/27/2020,0
1/28/2020,0
1/29/2020,0
1/30/2020,0
1/31/2020,0
2/1/2020,0
2/2/2020,0
2/3/2020,0
2/4/2020,0
2/5/2020,0
2/6/2020,0
2/7/2020,0
2/8/2020,0
2/9/2020,0
2/10/2020,0
2/11/2020,0
2/12/2020,0
2/13/2020,0
2/14/2020,0
2/15/2020,0
2/16/2020,0
2/17/2020,0
2/18/2020,0
2/19/2020,0
2/20/2020,0
2/21/2020,0
2/22/2020,0
2/23/2020,0
2/24/2020,0
2/25/2020,0
2/26/2020,0
2/27/2020,0
2/28/2020,0
2/29/2020,0
3/1/2020,0
3/2/2020,0
3/3/2020,0
3/4/2020,0
3/5/2020,0
3/6/2020,0
3/7/2020,0
3/8/2020,0
3/9/2020,0
3/10/2020,5
3/11/2020,3
3/12/2020,0
3/13/2020,1
3/14/2020,0
3/15/2020,0
3/16/2020,1
3/17/2020,1
3/18/2020,0
3/19/2020,3
3/20/2020,0
3/21/2020,0
3/22/2020,7
3/23/2020,7
3/24/2020,2
3/25/2020,11
3/26/2020,5
3/27/2020,12
3/28/2020,10
3/29/2020,22
3/30/2020,11
3/31/2020,7
4/1/2020,21
4/2/2020,36
4/3/2020,22
4/4/2020,25
4/5/2020,28
4/6/2020,48
4/7/2020,32
4/8/2020,73
4/9/2020,54
4/10/2020,89
4/11/2020,90
4/12/2020,104
4/13/2020,138
4/14/2020,300
4/15/2020,0
4/16/2020,143
4/17/2020,100
4/18/2020,131
4/19/2020,93
4/20/2020,50
4/21/2020,69
4/22/2020,104
4/23/2020,98
4/24/2020,84
4/25/2020,107
4/26/2020,65
4/27/2020,33
4/28/2020,68
4/29/2020,60
4/30/2020,76
5/1/2020,76
5/2/2020,63
5/3/2020,43
5/4/2020,37
5/5/2020,53
5/6/2020,58
5/7/2020,126
5/8/2020,239
5/9/2020,249
5/10/2020,124
5/11/2020,97
5/12/2020,49
5/13/2020,69
5/14/2020,60
5/15/2020,95
5/16/2020,72
5/17/2020,28
5/18/2020,40
5/19/2020,58
5/20/2020,92
5/21/2020,73
5/22/2020,106
5/23/2020,112
5/24/2020,95
5/25/2020,23
5/26/2020,67
5/27/2020,57
5/28/2020,83
5/29/2020,73
5/30/2020,94
5/31/2020,33
6/1/2020,41
6/2/2020,33
6/3/2020,95
6/4/2020,85
6/5/2020,30
6/6/2020,90
6/7/2020,71
6/8/2020,33
6/9/2020,52
6/10/2020,81
6/11/2020,61
6/12/2020,77
6/13/2020,91
6/14/2020,65
6/15/2020,30
6/16/2020,38
6/17/2020,84
6/18/2020,59
6/19/2020,49
6/20/2020,67
6/21/2020,72
6/22/2020,29
6/23/2020,27
6/24/2020,66
6/25/2020,60
6/26/2020,56
6/27/2020,91
6/28/2020,55
6/29/2020,35
6/30/2020,48
7/1/2020,62
7/2/2020,67
7/3/2020,85
7/4/2020,50
7/5/2020,35
7/6/2020,42
7/7/2020,58
7/8/2020,79
7/9/2020,94
7/10/2020,65
7/11/2020,53
7/12/2020,45
7/13/2020,25
7/14/2020,48
7/15/2020,80
7/16/2020,42
7/17/2020,95
7/18/2020,73
7/19/2020,44
7/20/2020,37
7/21/2020,76
7/22/2020,58
7/23/2020,66
7/24/2020,57
7/25/2020,105
7/26/2020,90
7/27/2020,49
7/28/2020,48
7/29/2020,149
7/30/2020,44
7/31/2020,79
8/1/2020,103
8/2/2020,88
8/3/2020,65
8/4/2020,59
8/5/2020,89
8/6/2020,105
8/7/2020,98
8/8/2020,106
8/9/2020,128
8/10/2020,58
8/11/2020,50
8/12/2020,102
8/13/2020,82
8/14/2020,127
8/15/2020,94
8/16/2020,156
8/17/2020,86
8/18/2020,83
8/19/2020,123
8/20/2020,125
8/21/2020,193
8/22/2020,251
8/23/2020,141
8/24/2020,149
8/25/2020,80
8/26/2020,66
8/27/2020,623
8/28/2020,323
8/29/2020,425
8/30/2020,380
8/31/2020,187
9/1/2020,240
9/2/2020,254
9/3/2020,334
9/4/2020,259
9/5/2020,293
9/6/2020,220
9/7/2020,191
9/8/2020,103
9/9/2020,168
9/10/2020,263
9/11/2020,283
9/12/2020,320
9/13/2020,201
9/14/2020,163
9/15/2020,193
9/16/2020,297
9/17/2020,395
9/18/2020,389
9/19/2020,369
9/20/2020,252
9/21/2020,173
9/22/2020,320
9/23/2020,445
9/24/2020,463
9/25/2020,457
9/26/2020,579
9/27/2020,408
9/28/2020,197
9/29/2020,259
9/30/2020,392
10/1/2020,747
10/2/2020,386
10/3/2020,464
10/4/2020,432
10/5/2020,180
10/6/2020,278
10/7/2020,1030
10/8/2020,535
10/9/2020,774
10/10/2020,732
10/11/2020,617
10/12/2020,361
10/13/2020,414
10/14/2020,876
10/15/2020,797
10/16/2020,793
10/17/2020,806
10/18/2020,658
10/19/2020,567
10/20/2020,621
10/21/2020,587
10/22/2020,973
10/23/2020,1185
10/24/2020,939
10/25/2020,1062
10/26/2020,538
10/27/2020,989
10/28/2020,1270
10/29/2020,1000
10/30/2020,1559
10/31/2020,1433
11/1/2020,1332
11/2/2020,526
11/3/2020,1004
11/4/2020,937
11/5/2020,1360
11/6/2020,1488
11/7/2020,1337
11/8/2020,1428
11/9/2020,907
11/10/2020,1023
11/11/2020,1362
11/12/2020,2020
11/13/2020,1611
11/14/2020,1855
11/15/2020,1199
11/16/2020,897
11/17/2020,1006
11/18/2020,1387
11/19/2020,1071
11/20/2020,1328
11/21/2020,1144
11/22/2020,851
11/23/2020,783
11/24/2020,1010
11/25/2020,1284
11/26/2020,0
11/27/2020,2138
11/28/2020,819
11/29/2020,801
11/30/2020,564
12/1/2020,448
12/2/2020,1291
12/3/2020,1145
12/4/2020,1050
12/5/2020,906
12/6/2020,687
12/7/2020,509
12/8/2020,538
12/9/2020,985
12/10/2020,704
12/11/2020,945
12/12/2020,735
12/13/2020,631
12/14/2020,316
12/15/2020,345
12/16/2020,904
12/17/2020,594
12/18/2020,575
12/19/2020,564
12/20/2020,391
12/21/2020,347
12/22/2020,435
12/23/2020,531
12/24/2020,506
12/25/2020,0
12/26/2020,417
12/27/2020,427
12/28/2020,267
12/29/2020,501
12/30/2020,562
12/31/2020,444
1/1/2021,0
1/2/2021,665
1/3/2021,703
1/4/2021,111
1/5/2021,433
1/6/2021,608
1/7/2021,448
1/8/2021,448
1/9/2021,321
1/10/2021,417
1/11/2021,181
1/12/2021,244
1/13/2021,452
1/14/2021,317
1/15/2021,425
1/16/2021,341
1/17/2021,266
1/18/2021,115
1/19/2021,127
1/20/2021,277
1/21/2021,337
1/22/2021,316
1/23/2021,247
1/24/2021,185
1/25/2021,32
1/26/2021,200
1/27/2021,228
1/28/2021,187
1/29/2021,160
1/30/2021,115
1/31/2021,180
2/1/2021,65
2/2/2021,116
2/3/2021,208
2/4/2021,174
2/5/2021,131
2/6/2021,188
2/7/2021,97
2/8/2021,54
2/9/2021,122
2/10/2021,175
2/11/2021,279
2/12/2021,209
2/13/2021,137
2/14/2021,110
2/15/2021,61
2/16/2021,217
2/17/2021,92
2/18/2021,186
2/19/2021,147
2/20/2021,147
2/21/2021,139
2/22/2021,30
2/23/2021,212
2/24/2021,262
2/25/2021,156
2/26/2021,143
2/27/2021,186
2/28/2021,134
3/1/2021,43
3/2/2021,182
3/3/2021,181
3/4/2021,232
3/5/2021,164
3/6/2021,149
3/7/2021,211
3/8/2021,7
3/9/2021,157
3/10/2021,209
3/11/2021,201
3/12/2021,184
3/13/2021,146
3/14/2021,130
3/15/2021,26
3/16/2021,142
3/17/2021,175
3/18/2021,237
3/19/2021,315
3/20/2021,205
3/21/2021,144
3/22/2021,105
3/23/2021,128
3/24/2021,270
3/25/2021,254
3/26/2021,209
3/27/2021,248
3/28/2021,163
3/29/2021,92
3/30/2021,159
3/31/2021,264
4/1/2021,230
4/2/2021,197
4/3/2021,175
4/4/2021,0
4/5/2021,156
4/6/2021,163
4/7/2021,295
4/8/2021,222
4/9/2021,270
4/10/2021,238
4/11/2021,0
4/12/2021,187
4/13/2021,262
4/14/2021,225
4/15/2021,234
4/16/2021,243
4/17/2021,200
4/18/2021,67
4/19/2021,66
4/20/2021,171
4/21/2021,157
4/22/2021,134
4/23/2021,199
4/24/2021,136
4/25/2021,47
4/26/2021,47
4/27/2021,148
4/28/2021,170
4/29/2021,134
4/30/2021,128
5/1/2021,28
5/2/2021,28
5/3/2021,29
5/4/2021,229
5/5/2021,99
5/6/2021,84
5/7/2021,76
5/8/2021,25
5/9/2021,25
5/10/2021,27
5/11/2021,125
5/12/2021,83
5/13/2021,81
5/14/2021,45
5/15/2021,13
5/16/2021,13
5/17/2021,16
5/18/2021,98
5/19/2021,38
5/20/2021,55
5/21/2021,34
5/22/2021,10
5/23/2021,10
5/24/2021,11
5/25/2021,81
5/26/2021,48
5/27/2021,34
5/28/2021,57
5/29/2021,9
5/30/2021,9
5/31/2021,11
6/1/2021,18
6/2/2021,18
6/3/2021,15
6/4/2021,19
6/5/2021,3
6/6/2021,3
6/7/2021,6
6/8/2021,29
6/9/2021,12
6/10/2021,21
6/11/2021,4
6/12/2021,4
6/13/2021,13
6/14/2021,10
6/15/2021,11
6/16/2021,5
6/17/2021,11
6/18/2021,4
6/19/2021,4
6/20/2021,4
6/21/2021,6
6/22/2021,35
6/23/2021,22
6/24/2021,10
6/25/2021,14
6/26/2021,6
6/27/2021,6
6/28/2021,8
6/29/2021,9
6/30/2021,15
7/1/2021,25
7/2/2021,21
7/3/2021,11
7/4/2021,11
7/5/2021,11
7/6/2021,11
7/7/2021,15
7/8/2021,15
7/9/2021,15
7/10/2021,15
7/11/2021,15
7/12/2021,15
7/13/2021,15
7/14/2021,43
7/15/2021,24
7/16/2021,24
7/17/2021,24
7/18/2021,24
7/19/2021,24
7/20/2021,24
7/21/2021,30
7/22/2021,38
7/23/2021,38
7/24/2021,38
7/25/2021,38
7/26/2021,38
7/27/2021,38
7/28/2021,40
7/29/2021,53
7/30/2021,53
7/31/2021,53
8/1/2021,53
8/2/2021,53
8/3/2021,53
8/4/2021,58
8/5/2021,123
8/6/2021,123
8/7/2021,123
8/8/2021,123
8/9/2021,123
8/10/2021,123
8/11/2021,124
8/12/2021,153
8/13/2021,139
8/14/2021,59
8/15/2021,59
8/16/2021,61
8/17/2021,395
8/18/2021,376
8/19/2021,295
8/20/2021,304
8/21/2021,110
8/22/2021,110
8/23/2021,111
8/24/2021,785
8/25/2021,455
8/26/2021,471
8/27/2021,439
8/28/2021,153
8/29/2021,153
8/30/2021,157
8/31/2021,1020
9/1/2021,578
9/2/2021,535
9/3/2021,483
9/4/2021,453
9/5/2021,307
9/6/2021,307
9/7/2021,307
9/8/2021,309
9/9/2021,619
9/10/2021,615
9/11/2021,175
9/12/2021,175
9/13/2021,178
9/14/2021,992
9/15/2021,568
9/16/2021,552
9/17/2021,544
9/18/2021,148
9/19/2021,148
9/20/2021,150
9/21/2021,739
9/22/2021,604
9/23/2021,585
9/24/2021,470
9/25/2021,127
9/26/2021,127
9/27/2021,129
9/28/2021,812
9/29/2021,551
9/30/2021,472
10/1/2021,456
10/2/2021,121
10/3/2021,121
10/4/2021,123
10/5/2021,755
10/6/2021,401
10/7/2021,474
10/8/2021,351
10/9/2021,107
10/10/2021,107
10/11/2021,107
10/12/2021,108
10/13/2021,1088
10/14/2021,341
10/15/2021,318
10/16/2021,117
10/17/2021,117
10/18/2021,120
10/19/2021,738
10/20/2021,466
10/21/2021,417
10/22/2021,337
10/23/2021,0
10/24/2021,0
10/25/2021,295
10/26/2021,718
10/27/2021,453
10/28/2021,312
10/29/2021,396
10/30/2021,0
10/31/2021,0
11/1/2021,403
11/2/2021,718
